{"_wandb":{"runtime":11},"_step":0,"Test Mse":10.533642995724637,"Test Rmse":3.2455574244996246,"Test R2":0.8674669421858461,"_timestamp":1.7286293130866787e+09,"_runtime":11.627113217}