{"val_f1":0.11815384615384614,"train_loss":0.20126063675331077,"train_accuracy":0.4234135667396061,"train_precision":0.07056892778993436,"_step":499,"_runtime":8.898160442,"val_loss":0.19097010671592424,"train_f1":0.0991544965411222,"val_accuracy":0.4192139737991266,"epoch":499,"train_recall":0.16666666666666666,"val_precision":0.08384279475982533,"val_recall":0.2,"_timestamp":1.7284948367561657e+09,"_wandb":{"runtime":8}}