{"val_accuracy":0.5414847161572053,"val_precision":0.21599637681159417,"val_recall":0.25599747474747475,"val_f1":0.2240327380952381,"_timestamp":1.7286369410972915e+09,"_wandb":{"runtime":6},"_runtime":6.086603823,"_step":0}