{"_step":0,"Test Mse":18.750334167869187,"Test Rmse":4.330165605132116,"Test R2":0.7640854998300652,"_timestamp":1.7286297375610244e+09,"_runtime":7.169567289,"_wandb":{"runtime":7}}