{"val_r2":0.6789092462167929,"_timestamp":1.728628326991615e+09,"_runtime":9.829055883,"_step":0,"val_loss":25.520088537632876,"val_rmse":5.051741139214566,"_wandb":{"runtime":9}}