{"_timestamp":1.7284073052884173e+09,"_runtime":4.655386625,"_step":99,"epoch":490,"_wandb":{"runtime":4},"val_loss":6.70499919783588,"val_rmse":2.589401320351073,"val_r2":0.9033443581479388}