{"Test Mse":11.49298191809542,"Test Rmse":3.390130073919793,"_wandb":{"runtime":11},"Test R2":0.8553966526465537,"_timestamp":1.7286308490609133e+09,"_runtime":11.946621943,"_step":0}