{"_timestamp":1.7286372635063972e+09,"_runtime":26.364481675,"_step":0,"val_accuracy":0.6026200873362445,"val_precision":0.3638904210332782,"_wandb":{"runtime":26},"val_recall":0.3958916083916084,"val_f1":0.37558749443579265}