{"_runtime":1.777331813,"_step":0,"Test Mse":24.074996495137736,"_wandb":{"runtime":1},"Test Rmse":4.906627812982939,"Test R2":0.6970912244072932,"_timestamp":1.7286294481862996e+09}