{"Test Rmse":4.447940153537555,"Test R2":0.7510778786802594,"_timestamp":1.7286306439729106e+09,"_wandb":{"runtime":12},"_runtime":12.777370769000001,"_step":0,"Test Mse":19.784171609451693}