{"_step":0,"Test Mse":19.232949113870564,"Test Rmse":4.385538634406333,"Test R2":0.758013295316742,"_timestamp":1.728630447712824e+09,"_runtime":15.666530371,"_wandb":{"runtime":15}}