{"_timestamp":1.7286293937087665e+09,"_runtime":6.416507193,"_step":0,"Test Mse":13.084984125809907,"Test Rmse":3.617317255344063,"_wandb":{"runtime":6},"Test R2":0.8353662680283431}