{"val_recall":0.2,"_runtime":18.061440455,"val_loss":0.19634628099104187,"train_loss":0.20541709320460574,"epoch":499,"train_f1":0.0991544965411222,"_wandb":{"runtime":18},"train_recall":0.16666666666666666,"_timestamp":1.728496225378426e+09,"val_f1":0.11815384615384614,"val_precision":0.08384279475982533,"val_accuracy":0.4192139737991266,"train_accuracy":0.4234135667396061,"_step":499,"train_precision":0.07056892778993436}