{"Test R2":0.7717141161892078,"_timestamp":1.7286309997535863e+09,"_wandb":{"runtime":11},"_runtime":11.600426944,"_step":0,"Test Mse":18.144016599981825,"Test Rmse":4.259579392379232}