{"train_accuracy":0,"val_accuracy":0,"_runtime":1.272537535,"val_loss":0.0972988364604327,"_timestamp":1.7283945698075085e+09,"train_loss":0.11751006076243592,"epoch":499,"_wandb":{"runtime":1},"_step":499}