{"_timestamp":1.728629292628524e+09,"_runtime":7.152335343,"_step":0,"_wandb":{"runtime":7},"Test Mse":24.83158550867041,"Test Rmse":4.983130091485713,"Test R2":0.6875719103852802}