{"_step":0,"Test Mse":25.792281713604538,"Test Rmse":5.078610214773776,"Test R2":0.675484543676341,"_timestamp":1.728631042704545e+09,"_runtime":12.165552544,"_wandb":{"runtime":12}}