{"_wandb":{"runtime":5},"Test R2":-0.04138345424315637,"_timestamp":1.728629350038324e+09,"_runtime":5.831823668,"_step":0,"Test Mse":82.76849345794281,"Test Rmse":9.09771913492293}