{"_runtime":4.056850918,"_step":49,"_wandb":{"runtime":4},"epoch":490,"loss":5.578094023257106,"_timestamp":1.7281622447392771e+09}