{"_wandb":{"runtime":2},"val_accuracy":0,"_timestamp":1.7283943916656072e+09,"_step":999,"epoch":999,"train_accuracy":0,"_runtime":2.096087406,"train_loss":0.6913405506261846,"val_loss":0.6931596230723087}