{"Test Rmse":4.404869072350547,"Test R2":0.7558753512703804,"_timestamp":1.728629862619444e+09,"_runtime":2.858610566,"_wandb":{"runtime":2},"_step":0,"Test Mse":19.40287154455036}