{"_runtime":1.471760795,"val_loss":0.09724250292905322,"train_accuracy":0,"val_accuracy":0,"_timestamp":1.728395822343369e+09,"_wandb":{"runtime":1},"train_loss":0.11736227438486725,"_step":99,"epoch":99}