{"_timestamp":1.7284965902328482e+09,"train_precision":0.07056892778993436,"val_loss":0.19060414080522484,"train_f1":0.0991544965411222,"_runtime":35.365545111,"train_recall":0.16666666666666666,"_step":999,"epoch":999,"train_loss":0.20097181881692944,"_wandb":{"runtime":35},"val_precision":0.08384279475982533,"val_f1":0.11815384615384614,"val_recall":0.2,"train_accuracy":0.4234135667396061,"val_accuracy":0.4192139737991266}