{"_timestamp":1.7286306878668835e+09,"_runtime":12.937754508,"_step":0,"_wandb":{"runtime":12},"Test Mse":19.405041392732684,"Test Rmse":4.405115366563364,"Test R2":0.7558480504956426}