{"_runtime":6.028876825,"_step":0,"Test Mse":77.88284134899301,"_wandb":{"runtime":6},"Test Rmse":8.825125571287527,"Test R2":0.020087246223728372,"_timestamp":1.72862933947122e+09}