{"train_loss":0.15171326322705858,"train_precision":0.3154214584689126,"val_accuracy":0.6331877729257642,"train_f1":0.3059013193001489,"train_recall":0.30529258541943527,"epoch":499,"val_f1":0.3729590665345725,"_step":499,"val_precision":0.3779715659848845,"val_loss":0.1455916849836921,"val_recall":0.3710227272727272,"_runtime":20.260373224,"_timestamp":1.7284965482194908e+09,"_wandb":{"runtime":20},"train_accuracy":0.6422319474835886}