{"val_r2":0.8871341840823114,"_timestamp":1.7283918562715888e+09,"_runtime":3.138795289,"_step":99,"epoch":490,"val_loss":7.829498523733165,"val_rmse":2.7981241079932757,"_wandb":{"runtime":3}}