{"val_recall":0.2,"val_f1":0.11815384615384614,"_timestamp":1.7286368437946882e+09,"_runtime":53.315786372,"_step":0,"_wandb":{"runtime":53},"val_accuracy":0.4192139737991266,"val_precision":0.08384279475982533}