{"_step":49,"_wandb":{"runtime":2},"epoch":49,"loss":0.655703455379911,"_timestamp":1.7285543104547908e+09,"_runtime":2.458428075}