{"Test Rmse":3.7997703655888166,"Test R2":0.8183395751064941,"_timestamp":1.728630262182269e+09,"_runtime":12.367809768,"_wandb":{"runtime":12},"_step":0,"Test Mse":14.43825483120697}