{"_runtime":11.583518912,"_step":0,"Test Mse":13.341108457951421,"Test Rmse":3.6525482143226284,"Test R2":0.832143741791874,"_timestamp":1.728629947291923e+09,"_wandb":{"runtime":11}}