{"Test Rmse":3.710127121831821,"_wandb":{"runtime":11},"Test R2":0.8268098439492857,"_timestamp":1.728630243726785e+09,"_runtime":11.042569762,"_step":0,"Test Mse":13.765043260152071}