{"_wandb":{"runtime":1},"_runtime":1.446222665,"_step":0,"Test Mse":28.320799959277345,"Test Rmse":5.321729038505939,"Test R2":0.6436710243674076,"_timestamp":1.728629703601992e+09}