{"Test Mse":15.098999994653617,"Test Rmse":3.885743171473588,"Test R2":0.8100261571386514,"_timestamp":1.7286298282578218e+09,"_wandb":{"runtime":6},"_runtime":6.480885968,"_step":0}