{"_runtime":3.38187529,"_step":99,"epoch":490,"val_loss":7.758549404821911,"val_rmse":2.785417276607207,"_wandb":{"runtime":3},"val_r2":0.8881569482057461,"_timestamp":1.728393703147285e+09}