{"_timestamp":1.7286297941627705e+09,"_runtime":10.555520732,"_step":0,"Test Mse":13.578575050451015,"Test Rmse":3.684911810403475,"Test R2":0.8291559650421347,"_wandb":{"runtime":10}}