{"val_accuracy":0.6681222707423581,"val_precision":0.40468590831918505,"val_recall":0.4213432400932401,"val_f1":0.411921340026268,"_timestamp":1.728637323987182e+09,"_wandb":{"runtime":43},"_runtime":43.94124882,"_step":0}