{"_step":0,"_wandb":{"runtime":11},"Test Mse":15.380218327142511,"Test Rmse":3.921762145661375,"Test R2":0.8064879011399169,"_timestamp":1.7286301850739698e+09,"_runtime":11.739923395}