{"_step":0,"_wandb":{"runtime":40},"val_accuracy":0.5851528384279476,"val_precision":0.2916666666666667,"val_recall":0.3231756669256669,"val_f1":0.3023832269733909,"_timestamp":1.728637506041113e+09,"_runtime":40.481703775}