{"Test Mse":17.80984715844961,"Test Rmse":4.22017146078801,"Test R2":0.7759185968168776,"_wandb":{"runtime":3},"_timestamp":1.7286299012714906e+09,"_runtime":3.544579745,"_step":0}