{"_step":499,"train_f1":0.0991544965411222,"_timestamp":1.7284947820623803e+09,"val_precision":0.08384279475982533,"train_accuracy":0.4234135667396061,"val_loss":0.21890234118247331,"epoch":499,"train_precision":0.07056892778993436,"val_recall":0.2,"_wandb":{"runtime":13},"_runtime":13.439108167,"train_recall":0.16666666666666666,"val_f1":0.11815384615384614,"val_accuracy":0.4192139737991266,"train_loss":0.2245483826833253}