{"val_f1":0.11815384615384614,"val_precision":0.08384279475982533,"train_precision":0.07056892778993436,"train_accuracy":0.4234135667396061,"val_loss":0.19053088737381882,"_step":999,"val_accuracy":0.4192139737991266,"_runtime":33.650238618,"_timestamp":1.728496372719742e+09,"train_loss":0.2009873784059139,"val_recall":0.2,"train_f1":0.0991544965411222,"epoch":999,"_wandb":{"runtime":33},"train_recall":0.16666666666666666}