{"Test Rmse":5.929944541522875,"_wandb":{"runtime":5},"Test R2":0.5575676378000582,"_timestamp":1.728629413008259e+09,"_runtime":5.096739257,"_step":0,"Test Mse":35.16424226553695}