{"val_rmse":2.6054221170425906,"val_r2":0.9021446285332304,"_wandb":{"runtime":2},"_timestamp":1.7283958143360913e+09,"_runtime":2.215325805,"_step":99,"epoch":490,"val_loss":6.788224407974695}