{"val_precision":0.08384279475982533,"val_recall":0.2,"_wandb":{"runtime":25},"val_f1":0.11815384615384614,"_timestamp":1.7286371769315934e+09,"_runtime":25.234612006,"_step":0,"val_accuracy":0.4192139737991266}