{"epoch":99,"train_loss":0.6924399859407223,"_wandb":{"runtime":1},"_runtime":1.144596783,"val_loss":0.6928728850235452,"val_accuracy":0,"_timestamp":1.728395857165744e+09,"_step":99,"train_accuracy":0}