{"_step":499,"train_f1":0.27828896467193726,"val_f1":0.30443557989997616,"_runtime":11.239405097,"train_loss":0.16417782522830807,"val_recall":0.308041958041958,"train_precision":0.31078721326764336,"val_precision":0.3155963302752293,"_timestamp":1.7284948558913684e+09,"val_accuracy":0.6069868995633187,"_wandb":{"runtime":11},"train_recall":0.2769909207541343,"val_loss":0.15201202389091711,"train_accuracy":0.611597374179431,"epoch":499}