{"_step":99,"epoch":490,"val_loss":6.637392811727198,"val_rmse":2.576313803038597,"_wandb":{"runtime":3},"val_r2":0.9043189352433011,"_timestamp":1.728394144041919e+09,"_runtime":3.3844581}