{"_wandb":{"runtime":14},"_timestamp":1.7286308773361673e+09,"_runtime":14.560438536,"_step":0,"Test Mse":12.179349694430874,"Test Rmse":3.4898925047099767,"Test R2":0.8467608539755944}