{"_timestamp":1.7283958536423028e+09,"_runtime":2.168987783,"_step":99,"epoch":490,"val_loss":5.557210015281211,"_wandb":{"runtime":2},"val_rmse":2.3573735417369077,"val_r2":0.9198902661901771}