{"_step":0,"val_loss":16.88782895325703,"val_rmse":4.109480375090874,"val_r2":0.7875193214801386,"_wandb":{"runtime":5},"_timestamp":1.7286282904918313e+09,"_runtime":5.587298898}