{"_wandb":{"runtime":2},"_step":999,"val_loss":0.6931686302524623,"train_loss":0.6913462613281254,"train_accuracy":0,"_runtime":2.147508121,"val_accuracy":0,"epoch":999,"_timestamp":1.728395897283551e+09}