{"_step":0,"Test Mse":15.413563464873828,"Test Rmse":3.9260111391683323,"Test R2":0.8060683565371086,"_timestamp":1.7286309714986868e+09,"_runtime":11.394408812,"_wandb":{"runtime":11}}