{"val_loss":15.559765014442597,"val_rmse":3.9445867989489845,"val_r2":0.8042288658282075,"_timestamp":1.7286283823462205e+09,"_runtime":6.406033195,"_wandb":{"runtime":6},"_step":0}