{"_runtime":5.727022549,"_step":0,"_wandb":{"runtime":5},"val_loss":15.772566103355727,"val_rmse":3.9714690107510253,"val_r2":0.8015514275448629,"_timestamp":1.7286283495360358e+09}