{"_timestamp":1.7286330852805576e+09,"final_f1":0,"final_recall":0,"_wandb":{"runtime":11},"_runtime":11.334139965,"final_hamming_loss":0.0025188916876574307,"_step":0,"final_accuracy":0,"final_precision":0}