{"val_r2":0.856045960969633,"_timestamp":1.7283939622654872e+09,"_runtime":2.157745553,"_step":99,"epoch":490,"val_loss":9.986087699890044,"val_rmse":3.16007716676192,"_wandb":{"runtime":2}}