{"_step":999,"train_loss":0.2087470678363012,"epoch":999,"_runtime":27.354110849,"val_recall":0.2,"val_accuracy":0.4192139737991266,"val_precision":0.08384279475982533,"val_f1":0.11815384615384614,"train_precision":0.07056892778993436,"val_loss":0.20057111935164768,"train_accuracy":0.4234135667396061,"_timestamp":1.7284951334854984e+09,"train_f1":0.0991544965411222,"train_recall":0.16666666666666666,"_wandb":{"runtime":27}}