{"_wandb":{"runtime":3},"_step":0,"val_loss":12.871530010431433,"val_rmse":3.587691459759525,"val_r2":0.8380519226139036,"_timestamp":1.7286282667224152e+09,"_runtime":3.7744472350000002}