{"Test Rmse":3.951144350576015,"Test R2":0.8035774179206072,"_timestamp":1.7286296497917106e+09,"_runtime":1.687123897,"_step":0,"_wandb":{"runtime":1},"Test Mse":15.61154167908876}