{"_runtime":2.866038646,"_step":99,"epoch":490,"_wandb":{"runtime":2},"val_loss":6.629412607764323,"val_rmse":2.5747645732696265,"val_r2":0.9044339735473163,"_timestamp":1.728394386678376e+09}