{"_runtime":9.479642612,"_step":0,"Test Mse":13.44694648751317,"_wandb":{"runtime":9},"Test Rmse":3.6670078384853735,"Test R2":0.8308121001464777,"_timestamp":1.728630403785032e+09}