{"_timestamp":1.7286309284666479e+09,"_runtime":10.963601878,"_step":0,"Test Mse":13.821842240587102,"Test Rmse":3.7177738285951585,"_wandb":{"runtime":10},"Test R2":0.8260952058548642}