{"_wandb":{"runtime":12},"Test Mse":12.099931208061422,"Test Rmse":3.478495538025228,"Test R2":0.8477600880344843,"_timestamp":1.7286310601355288e+09,"_runtime":12.186101243,"_step":0}