{"_runtime":6.513517131,"_step":0,"_wandb":{"runtime":6},"Test Mse":11.610176609311534,"Test Rmse":3.4073709233530085,"Test R2":0.8539221228193362,"_timestamp":1.7286299152084098e+09}