{"_step":0,"_wandb":{"runtime":6},"Test Mse":16.797100967282603,"Test Rmse":4.098426645346065,"Test R2":0.7886608503334889,"_timestamp":1.728630157443339e+09,"_runtime":6.540919844}