{"train_recall":0.16666666666666666,"_step":499,"train_precision":0.07056892778993436,"val_f1":0.11815384615384614,"train_f1":0.0991544965411222,"val_loss":0.1877673839352679,"train_accuracy":0.4234135667396061,"epoch":499,"val_precision":0.08384279475982533,"_runtime":11.03650051,"_timestamp":1.7284947636202936e+09,"val_recall":0.2,"train_loss":0.19896040249356764,"_wandb":{"runtime":11},"val_accuracy":0.4192139737991266}