{"val_accuracy":0,"_wandb":{"runtime":1},"train_loss":0.6930646465000516,"_step":99,"val_loss":0.6931216965549644,"epoch":99,"_timestamp":1.728395782875202e+09,"_runtime":1.138255356,"train_accuracy":0}