{"val_accuracy":0.6593886462882096,"val_precision":0.38080396859561727,"val_recall":0.3833964646464646,"val_f1":0.3813960808203879,"_timestamp":1.7286374353136387e+09,"_runtime":22.900490786,"_step":0,"_wandb":{"runtime":22}}