{"val_rmse":9.097774096994781,"val_r2":-0.041396036905751554,"_timestamp":1.728628296952775e+09,"_wandb":{"runtime":1},"_runtime":1.379355029,"_step":0,"val_loss":82.76949351994922}