{"Test Rmse":3.387229650167807,"Test R2":0.8556439774162422,"_wandb":{"runtime":8},"_timestamp":1.7286306017180247e+09,"_runtime":8.408722684,"_step":0,"Test Mse":11.473324702975924}