{"Test Rmse":3.7734209888182426,"Test R2":0.8208502755590378,"_timestamp":1.7286304676419678e+09,"_runtime":14.207085661,"_step":0,"_wandb":{"runtime":14},"Test Mse":14.238705958854045}