{"Test Mse":80.28982287181405,"Test Rmse":8.960458853865356,"Test R2":-0.010197112326406632,"_timestamp":1.7286296161416614e+09,"_runtime":4.533000115,"_step":0,"_wandb":{"runtime":4}}