{"Test R2":0.8420016888745683,"_timestamp":1.7286298536813715e+09,"_runtime":9.996514124,"_step":0,"_wandb":{"runtime":9},"Test Mse":12.557605104505381,"Test Rmse":3.5436711337968965}