{"_runtime":1.23284911,"epoch":499,"train_loss":0.6927448936278785,"val_loss":0.6929763045704301,"train_accuracy":0,"val_accuracy":0,"_timestamp":1.7283945647634943e+09,"_step":499,"_wandb":{"runtime":1}}