{"_runtime":17.147037862,"_step":0,"_wandb":{"runtime":17},"Test Mse":14.50004359916226,"Test Rmse":3.8078922777781226,"Test R2":0.817562156092103,"_timestamp":1.7286311132273207e+09}