{"Test Mse":14.355175406269687,"Test Rmse":3.7888224300262063,"Test R2":0.8193848706640565,"_wandb":{"runtime":11},"_timestamp":1.7286308151420658e+09,"_runtime":11.785448014,"_step":0}