{"Test Mse":82.63117963770276,"Test Rmse":9.09016939543498,"_wandb":{"runtime":3},"Test R2":-0.03965578789980828,"_timestamp":1.7286302257260003e+09,"_runtime":3.9686401030000003,"_step":0}