{"_runtime":5.985710725,"_step":0,"_wandb":{"runtime":5},"Test Mse":18.68216742163895,"Test Rmse":4.322287290502443,"Test R2":0.7649431658173027,"_timestamp":1.7286297571699684e+09}