{"_wandb":{"runtime":36},"_step":0,"val_accuracy":0.6593886462882096,"val_precision":0.35601189985110454,"val_recall":0.37846817534317534,"val_f1":0.3649025010281555,"_timestamp":1.728636758453227e+09,"_runtime":36.787705955}