{"val_precision":0.08646288209606987,"train_precision":0.0661925601750547,"epoch":499,"train_recall":0.16666666666666666,"train_loss":0.19920381557397757,"_wandb":{"runtime":24},"_runtime":24.448159646,"val_accuracy":0.43231441048034935,"_timestamp":1.7284967587554183e+09,"val_loss":0.18677257637970535,"val_f1":0.12073170731707317,"train_accuracy":0.3971553610503282,"train_f1":0.09475332811276428,"val_recall":0.2,"_step":499}