{"Test R2":-0.041396042762441576,"_wandb":{"runtime":0},"_timestamp":1.7286298166650238e+09,"_runtime":0.974985376,"_step":0,"Test Mse":82.7694939854352,"Test Rmse":9.097774122577192}