{"_step":0,"Test Mse":11.140062151130756,"_wandb":{"runtime":10},"Test Rmse":3.337673164216466,"Test R2":0.8598370476644853,"_timestamp":1.728630896236129e+09,"_runtime":10.880744449}