{"_wandb":{"runtime":12},"Test Rmse":8.960442748419416,"Test R2":-0.010193480891760975,"_timestamp":1.7286297216718395e+09,"_runtime":12.844971679,"_step":0,"Test Mse":80.28953424770208}