{"val_rmse":2.4762591221234223,"_wandb":{"runtime":2},"val_r2":0.9116064337829797,"_timestamp":1.7283938803796704e+09,"_runtime":2.953449309,"_step":99,"epoch":490,"val_loss":6.131859239899462}