{"_step":0,"_wandb":{"runtime":12},"Test Mse":23.183315998329117,"Test Rmse":4.814905606377877,"Test R2":0.7083102435902345,"_timestamp":1.7286303582666585e+09,"_runtime":12.002493876}