{"_timestamp":1.7286307136892455e+09,"_runtime":12.196064502,"_step":0,"_wandb":{"runtime":12},"Test Mse":11.955527101081492,"Test Rmse":3.457676546625131,"Test R2":0.8495769635320439}