{"train_loss":0.19958295433273426,"val_precision":0.08384279475982533,"train_recall":0.16666666666666666,"_wandb":{"runtime":11},"val_accuracy":0.4192139737991266,"_timestamp":1.7284949470918403e+09,"_step":499,"train_precision":0.07056892778993436,"val_recall":0.2,"val_loss":0.18843492398757564,"train_accuracy":0.4234135667396061,"_runtime":11.416456396,"train_f1":0.0991544965411222,"val_f1":0.11815384615384614,"epoch":499}