{"Test Rmse":3.712096060300164,"Test R2":0.8266259735681677,"_wandb":{"runtime":9},"_timestamp":1.7286305216405058e+09,"_runtime":9.272672271,"_step":0,"Test Mse":13.779657160895999}