{"_runtime":5.056226255,"val_precision":0.3438483538410376,"train_f1":0.31787940742615745,"val_recall":0.3645104895104895,"_timestamp":1.7284969010924299e+09,"val_f1":0.35334765485141423,"_step":99,"train_accuracy":0.6444201312910285,"val_accuracy":0.6069868995633187,"train_precision":0.31228368991010214,"epoch":99,"train_recall":0.3239575787144498,"val_loss":0.14332038998573463,"train_loss":0.14420293547211777,"_wandb":{"runtime":5}}