{"Test R2":0.8094745124354646,"_timestamp":1.7286310168691242e+09,"_runtime":12.133808165,"_step":0,"Test Mse":15.142844364199519,"_wandb":{"runtime":12},"Test Rmse":3.8913807786182426}