{"val_f1":0.41025935925072865,"train_recall":0.9200114087358625,"train_loss":0.01560960472222749,"epoch":499,"val_precision":0.4035480566049817,"train_accuracy":0.9857768052516411,"train_precision":0.9863379134212877,"val_accuracy":0.62882096069869,"val_recall":0.42287781662781654,"_timestamp":1.7284964261705782e+09,"val_loss":0.3402559354826862,"_wandb":{"runtime":26},"_step":499,"train_f1":0.9497058318522981,"_runtime":26.898938556}