{"_step":99,"_wandb":{"runtime":4},"epoch":99,"loss":0.646277221577964,"_timestamp":1.728558044254386e+09,"_runtime":4.459566183}