{"val_rmse":2.7012616456046445,"val_r2":0.894813069168515,"_wandb":{"runtime":3},"_timestamp":1.728394318857963e+09,"_runtime":3.553581318,"_step":99,"epoch":490,"val_loss":7.296814478014713}