{"_wandb":{"runtime":1},"_step":0,"Test Mse":27.888950151002554,"Test Rmse":5.280998972827258,"Test R2":0.6491045078859154,"_timestamp":1.7286296670446668e+09,"_runtime":1.831725519}