{"val_precision":0.08384279475982533,"train_f1":0.0991544965411222,"epoch":99,"val_recall":0.2,"train_recall":0.16666666666666666,"_timestamp":1.7284966461765742e+09,"_runtime":7.344579751,"val_f1":0.11815384615384614,"_step":99,"train_accuracy":0.4234135667396061,"train_precision":0.07056892778993436,"_wandb":{"runtime":7},"train_loss":0.24145859473812004,"val_accuracy":0.4192139737991266,"val_loss":0.23763565033210507}