{"_wandb":{"runtime":22},"_timestamp":1.7284967205046759e+09,"_runtime":22.363077425,"epoch":499,"train_accuracy":0.6170678336980306,"val_loss":0.1460561070771156,"_step":499,"train_recall":0.2781246629026756,"val_precision":0.3392869269949066,"train_f1":0.2797431402843886,"val_f1":0.3160008034705755,"val_recall":0.3178904428904429,"train_precision":0.3208283169166741,"train_loss":0.1553156994992615,"val_accuracy":0.62882096069869}