{"_runtime":3.024845917,"_step":99,"epoch":490,"_wandb":{"runtime":3},"val_loss":5.6546721220502745,"val_rmse":2.3779554499717346,"val_r2":0.9184853051740657,"_timestamp":1.7283919655482914e+09}