{"_timestamp":1.7286282487444224e+09,"_runtime":1.1683952340000001,"_wandb":{"runtime":1},"_step":0,"val_loss":16.459747748605132,"val_rmse":4.057061467195824,"val_r2":0.7929053888709083}