{"val_loss":0.09739169689414788,"_runtime":2.030449194,"train_loss":0.116809910157843,"_timestamp":1.7283943968081143e+09,"_step":999,"epoch":999,"train_accuracy":0,"val_accuracy":0,"_wandb":{"runtime":2}}