{"train_recall":0.16712580348943984,"val_recall":0.19791666666666669,"train_accuracy":0.424507658643326,"_step":99,"_wandb":{"runtime":6},"train_precision":0.1042904290429043,"val_precision":0.08370044052863436,"train_loss":0.19927505915158827,"val_loss":0.18864263711106571,"_timestamp":1.7284963933057306e+09,"val_f1":0.1176470588235294,"val_accuracy":0.4148471615720524,"_runtime":6.423393257,"epoch":99,"train_f1":0.10044283413848631}