{"_step":0,"_wandb":{"runtime":9},"Test Mse":13.316683749683042,"Test Rmse":3.6492031664026383,"Test R2":0.8324510505998847,"_timestamp":1.7286305488145316e+09,"_runtime":9.103584635}