{"epoch":49,"loss":0.6585522730765411,"_wandb":{"runtime":2},"_timestamp":1.7285544237738442e+09,"_runtime":2.306255074,"_step":49}