{"_step":0,"Test Mse":14.216184747467082,"_wandb":{"runtime":13},"Test Rmse":3.7704356177326623,"Test R2":0.8211336347930658,"_timestamp":1.7286300413004513e+09,"_runtime":13.129175244}