{"_runtime":1.791127881,"_step":0,"Test Mse":71.59009031578042,"Test Rmse":8.461092737689407,"Test R2":0.09926189993406775,"_timestamp":1.7286296886058414e+09,"_wandb":{"runtime":1}}