{"train_recall":0.16666666666666666,"val_recall":0.2,"train_loss":0.20976363247255278,"_runtime":21.636490395,"_step":999,"train_precision":0.07056892778993436,"val_loss":0.20179210259621547,"_wandb":{"runtime":21},"val_precision":0.08384279475982533,"val_f1":0.11815384615384614,"train_accuracy":0.4234135667396061,"train_f1":0.0991544965411222,"_timestamp":1.7284949732885883e+09,"val_accuracy":0.4192139737991266,"epoch":999}