{"_wandb":{"runtime":1},"_step":99,"val_loss":0.09734242315229598,"train_accuracy":0,"_timestamp":1.7283957429888225e+09,"val_accuracy":0,"_runtime":1.277292705,"epoch":99,"train_loss":0.11768325014814249}