{"_runtime":3.333427679,"_step":99,"train_precision":0.07056892778993436,"train_f1":0.0991544965411222,"val_recall":0.2,"epoch":99,"val_accuracy":0.4192139737991266,"_timestamp":1.7284947930860658e+09,"val_loss":0.2953758800810155,"val_precision":0.08384279475982533,"val_f1":0.11815384615384614,"_wandb":{"runtime":3},"train_accuracy":0.4234135667396061,"train_recall":0.16666666666666666,"train_loss":0.2955730601575393}