{"val_f1":0.3408517520215633,"_timestamp":1.7286369857836773e+09,"_wandb":{"runtime":40},"_runtime":40.071382246,"_step":0,"val_accuracy":0.5938864628820961,"val_precision":0.3351220371838929,"val_recall":0.3471056721056721}