{"_step":0,"Test Mse":15.999963343468652,"Test Rmse":3.999995417930957,"Test R2":0.7986903422030778,"_timestamp":1.7286300791809986e+09,"_runtime":13.450112346,"_wandb":{"runtime":13}}