{"_runtime":4.302306675,"_step":99,"_wandb":{"runtime":4},"epoch":490,"val_loss":5.924203312758806,"val_rmse":2.433968634300534,"val_r2":0.9145998893121977,"_timestamp":1.7283957794924052e+09}