{"val_rmse":3.5742521421311477,"_wandb":{"runtime":6},"val_r2":0.8392629493686925,"_timestamp":1.7286284145009274e+09,"_runtime":6.446401865,"_step":0,"val_loss":12.7752783755291}