{"val_precision":0.37359675785207697,"val_recall":0.3963092463092463,"val_f1":0.38399416684158777,"_timestamp":1.7286370218656363e+09,"_runtime":28.376443045,"_step":0,"_wandb":{"runtime":28},"val_accuracy":0.6506550218340611}