{"Test R2":0.7999800605381995,"_timestamp":1.72863058583696e+09,"_runtime":13.792396813,"_step":0,"Test Mse":15.89745735189738,"Test Rmse":3.987161565813126,"_wandb":{"runtime":13}}