{"train_loss":0.69313037710928,"train_accuracy":0,"_timestamp":1.728395738240167e+09,"val_accuracy":0,"_runtime":1.159718131,"_step":99,"epoch":99,"_wandb":{"runtime":1},"val_loss":0.6931606569168909}