{"Test Rmse":3.7814963650796147,"Test R2":0.8200826700065408,"_wandb":{"runtime":12},"_timestamp":1.7286303152529848e+09,"_runtime":12.232299719,"_step":0,"Test Mse":14.299714759110339}