{"val_loss":0.14215267202434465,"train_f1":0.34723258462263407,"train_precision":0.38890248152573886,"val_precision":0.30739316239316233,"epoch":999,"train_accuracy":0.6280087527352297,"val_accuracy":0.6375545851528385,"train_recall":0.3356724123108901,"val_f1":0.30885259631490786,"_runtime":56.281380735,"_step":999,"val_recall":0.3109743265993266,"_timestamp":1.7284969845147185e+09,"train_loss":0.14638597743152337,"_wandb":{"runtime":56}}