{"_wandb":{"runtime":2},"val_loss":0.6931666973044146,"train_accuracy":0,"epoch":999,"train_loss":0.6913452930336041,"_timestamp":1.7283943236269758e+09,"_step":999,"val_accuracy":0,"_runtime":2.079747205}