{"_runtime":12.839589559,"_wandb":{"runtime":12},"_step":0,"Test Mse":17.864165549126195,"Test Rmse":4.226602128084236,"Test R2":0.7752351692111732,"_timestamp":1.7286304234273353e+09}