{"val_f1":0.11815384615384614,"_timestamp":1.728637040904138e+09,"_runtime":5.44917526,"_step":0,"val_accuracy":0.4192139737991266,"val_precision":0.08384279475982533,"val_recall":0.2,"_wandb":{"runtime":5}}