{"_runtime":5.513358655,"_wandb":{"runtime":5},"_step":49,"epoch":490,"loss":5.781356862567281,"_timestamp":1.7281621433044398e+09}