{"_wandb":{"runtime":4},"_runtime":4.224042004,"_step":0,"Test Mse":14.771045905975257,"Test Rmse":3.8433118408444633,"Test R2":0.8141524369274044,"_timestamp":1.7286296587642422e+09}