{"val_loss":0.19604795338324654,"train_recall":0.16666666666666666,"val_accuracy":0.4192139737991266,"val_recall":0.2,"train_precision":0.07056892778993436,"_timestamp":1.7284966787807093e+09,"epoch":499,"train_f1":0.0991544965411222,"train_loss":0.2051044024948572,"_step":499,"train_accuracy":0.4234135667396061,"_wandb":{"runtime":18},"val_precision":0.08384279475982533,"_runtime":18.357835966,"val_f1":0.11815384615384614}