{"Test R2":0.6843989729977553,"_timestamp":1.7286311893490598e+09,"_runtime":13.443031915,"_step":0,"_wandb":{"runtime":13},"Test Mse":25.08376855069184,"Test Rmse":5.0083698496309}