{"_runtime":1.22213653,"_step":0,"val_loss":18.274798598692325,"_wandb":{"runtime":1},"val_rmse":4.274903343783614,"val_r2":0.7700686324564494,"_timestamp":1.7286283558214824e+09}