{"Test R2":0.736725409289197,"_wandb":{"runtime":13},"_timestamp":1.7286306224579017e+09,"_runtime":13.058116489,"_step":0,"Test Mse":20.92489673242076,"Test Rmse":4.574373916988068}