{"Test Rmse":3.572794673780853,"Test R2":0.8393940097365,"_wandb":{"runtime":13},"_timestamp":1.7286303858052266e+09,"_runtime":13.835611959,"_step":0,"Test Mse":12.764861780996831}