{"Test R2":0.849617698462205,"_wandb":{"runtime":7},"_timestamp":1.7286308287163215e+09,"_runtime":7.768768012,"_step":0,"Test Mse":11.952289514785292,"Test Rmse":3.4572083412466323}