{"_timestamp":1.7286305074386723e+09,"_runtime":11.129672036,"_step":0,"_wandb":{"runtime":11},"Test Mse":11.539914319547139,"Test Rmse":3.397044939288725,"Test R2":0.8548061546889638}