{"train_loss":0.2722419897590152,"epoch":99,"train_f1":0.0991544965411222,"train_accuracy":0.4234135667396061,"_runtime":3.253494922,"_timestamp":1.7284949015888686e+09,"val_f1":0.11815384615384614,"train_recall":0.16666666666666666,"_wandb":{"runtime":3},"val_recall":0.2,"_step":99,"val_loss":0.27046743302581944,"val_precision":0.08384279475982533,"val_accuracy":0.4192139737991266,"train_precision":0.07056892778993436}