{"val_rmse":2.5525679894454267,"val_r2":0.9060745863838333,"_timestamp":1.7283957347440305e+09,"_runtime":2.281194357,"_step":99,"epoch":490,"val_loss":6.515603340741468,"_wandb":{"runtime":2}}