{"val_r2":0.7824590256057431,"_timestamp":1.7286283086376607e+09,"_wandb":{"runtime":2},"_runtime":2.232697027,"_step":0,"val_loss":17.290018045342762,"val_rmse":4.158126747147417}