{"_wandb":{"runtime":15},"Test Mse":14.343402713011104,"Test Rmse":3.7872685028937547,"Test R2":0.8195329933066126,"_timestamp":1.7286311545838876e+09,"_runtime":15.840463627,"_step":0}