{"_timestamp":1.7286299306345966e+09,"_runtime":1.310091135,"_step":0,"Test Mse":27.11462289201392,"Test Rmse":5.207170334453629,"_wandb":{"runtime":1},"Test R2":0.6588470024269083}