{"_step":0,"val_accuracy":0.6462882096069869,"_wandb":{"runtime":28},"val_precision":0.37404350104821804,"val_recall":0.3886169386169386,"val_f1":0.38091000972375905,"_timestamp":1.7286373661624985e+09,"_runtime":28.205198662}