{"_wandb":{"runtime":11},"Test Mse":66.47341193160018,"Test Rmse":8.153122833098996,"Test R2":0.16363934583594886,"_timestamp":1.7286301201828504e+09,"_runtime":11.666703354,"_step":0}