{"_timestamp":1.7286302034531171e+09,"_runtime":13.953124876,"_step":0,"Test Mse":23.510469179651817,"Test Rmse":4.848759550612075,"Test R2":0.7041940407236741,"_wandb":{"runtime":13}}