{"_runtime":1.331576906,"_step":0,"Test Mse":19.091717999575156,"Test Rmse":4.369407053545728,"Test R2":0.7597902485933689,"_wandb":{"runtime":1},"_timestamp":1.7286299530761755e+09}