{"val_loss":5.30287084006369,"val_rmse":2.302796308852281,"val_r2":0.9235566821737478,"_timestamp":1.7283958922558002e+09,"_runtime":2.739203175,"_step":99,"_wandb":{"runtime":2},"epoch":490}