{"_step":0,"_wandb":{"runtime":9},"Test Mse":12.673639784594267,"Test Rmse":3.5600055877195285,"Test R2":0.8405417541709801,"_timestamp":1.7286306668603382e+09,"_runtime":9.249702288}