{"_timestamp":1.728629769952078e+09,"_runtime":7.26363222,"_step":0,"_wandb":{"runtime":7},"Test Mse":15.245753306426614,"Test Rmse":3.904581066699296,"Test R2":0.8081797242225631}