{"_runtime":31.875361824,"_wandb":{"runtime":31},"val_recall":0.2,"_timestamp":1.72849471024155e+09,"val_loss":0.2761836924275169,"val_f1":0.11815384615384614,"val_accuracy":0.4192139737991266,"val_precision":0.08384279475982533,"train_precision":0.07056892778993436,"_step":764,"train_f1":0.0991544965411222,"train_accuracy":0.4234135667396061,"train_loss":0.27742406672939707,"epoch":764,"train_recall":0.16666666666666666}