{"train_f1":0.0991544965411222,"val_f1":0.11815384615384614,"_step":99,"_timestamp":1.7284964856765096e+09,"train_recall":0.16666666666666666,"val_recall":0.2,"val_loss":0.23733370575321563,"_wandb":{"runtime":5},"val_precision":0.08384279475982533,"train_accuracy":0.4234135667396061,"train_loss":0.24118221705850232,"train_precision":0.07056892778993436,"val_accuracy":0.4192139737991266,"epoch":99,"_runtime":5.539275209}