{"_timestamp":1.7286296344255433e+09,"_runtime":1.487700685,"_step":0,"_wandb":{"runtime":1},"Test Mse":34.237178504096335,"Test Rmse":5.851254438502596,"Test R2":0.5692318450588656}