{"val_recall":0.2,"train_accuracy":0.4234135667396061,"epoch":999,"train_loss":0.2003288003597239,"val_accuracy":0.4192139737991266,"_runtime":45.821688642,"train_f1":0.0991544965411222,"_wandb":{"runtime":45},"val_loss":0.18982833907196517,"val_f1":0.11815384615384614,"_step":999,"val_precision":0.08384279475982533,"train_recall":0.16666666666666666,"_timestamp":1.7284968237229328e+09,"train_precision":0.07056892778993436}