{"val_rmse":2.419830816636001,"val_r2":0.9155891088454218,"_timestamp":1.7283940947909338e+09,"_runtime":3.313274122,"_step":99,"_wandb":{"runtime":3},"epoch":490,"val_loss":5.8555811811412575}