{"_timestamp":1.7286301662168937e+09,"_runtime":3.82618381,"_step":0,"_wandb":{"runtime":3},"Test Mse":94.66995938170692,"Test Rmse":9.729848887917372,"Test R2":-0.1911262993336551}