{"Test Mse":16.62010112526655,"Test Rmse":4.0767758247500625,"Test R2":0.7908878415372472,"_timestamp":1.7286302894192026e+09,"_runtime":13.549075818,"_step":0,"_wandb":{"runtime":13}}