{"Test Mse":10.0993245685152,"Test Rmse":3.1779434495464516,"Test R2":0.8729314855775734,"_timestamp":1.7286299791947486e+09,"_wandb":{"runtime":6},"_runtime":6.005724025,"_step":0}