{"val_accuracy":0.4192139737991266,"train_f1":0.0991544965411222,"_step":499,"train_precision":0.07056892778993436,"_wandb":{"runtime":13},"train_accuracy":0.4234135667396061,"val_f1":0.11815384615384614,"val_recall":0.2,"_timestamp":1.728494734005968e+09,"val_precision":0.08384279475982533,"val_loss":0.28337828460485953,"epoch":499,"train_loss":0.2842147384648894,"_runtime":13.398879605,"train_recall":0.16666666666666666}