{"_runtime":2.295774531,"_step":999,"train_accuracy":0,"val_accuracy":0,"_wandb":{"runtime":2},"epoch":999,"train_loss":0.11681077514179865,"val_loss":0.09739285789279725,"_timestamp":1.7283959026794977e+09}