{"val_precision":0.08384279475982533,"val_loss":0.2376757579923793,"val_recall":0.2,"val_accuracy":0.4192139737991266,"epoch":99,"_step":99,"_timestamp":1.7284966928132932e+09,"_wandb":{"runtime":5},"train_precision":0.07056892778993436,"_runtime":5.413624906,"train_f1":0.0991544965411222,"train_accuracy":0.4234135667396061,"train_recall":0.16666666666666666,"val_f1":0.11815384615384614,"train_loss":0.2414965882636305}