{"Test Mse":12.312531248394613,"Test Rmse":3.508921664613591,"Test R2":0.8450851793207368,"_timestamp":1.7286300211433485e+09,"_wandb":{"runtime":14},"_runtime":14.49155672,"_step":0}