{"_runtime":67.713185864,"_step":0,"val_accuracy":0.6200873362445415,"_wandb":{"runtime":67},"val_precision":0.46792114695340503,"val_recall":0.4966588966588967,"val_f1":0.47886371394435906,"_timestamp":1.7286371142525704e+09}