{"_timestamp":1.7286294212227607e+09,"_runtime":1.49472539,"_wandb":{"runtime":1},"_step":0,"Test Mse":17.919455999274575,"Test Rmse":4.2331378431696,"Test R2":0.7745395112674723}