{"_wandb":{"runtime":43},"val_precision":0.33537110232762407,"val_recall":0.34931526806526814,"val_f1":0.34151912064135403,"_timestamp":1.7286372282014017e+09,"_runtime":43.969116532,"_step":0,"val_accuracy":0.5982532751091703}