{"Test Mse":12.34009726145985,"Test Rmse":3.5128474577555813,"Test R2":0.8447383469850706,"_timestamp":1.728630912188914e+09,"_wandb":{"runtime":5},"_runtime":5.4648707850000005,"_step":0}