{"Test Mse":15.021955513498803,"Test Rmse":3.875816754375625,"Test R2":0.810995521743024,"_timestamp":1.7286298904495175e+09,"_runtime":3.845296996,"_wandb":{"runtime":3},"_step":0}