{"_wandb":{"runtime":13},"Test Rmse":3.4703199756754937,"Test R2":0.8484748707457423,"_timestamp":1.728630488190064e+09,"_runtime":13.232495928,"_step":0,"Test Mse":12.04312073357236}