{"val_accuracy":0.4192139737991266,"val_loss":0.18692946364713778,"val_recall":0.2,"train_loss":0.1991459731526454,"_wandb":{"runtime":17},"train_accuracy":0.4234135667396061,"val_precision":0.08384279475982533,"train_precision":0.07056892778993436,"train_recall":0.16666666666666666,"_timestamp":1.7284968873358622e+09,"val_f1":0.11815384615384614,"train_f1":0.0991544965411222,"_runtime":17.819884622,"_step":499,"epoch":499}