{"_timestamp":1.7286367834630344e+09,"_runtime":14.218058081,"_step":0,"val_accuracy":0.6331877729257642,"val_precision":0.37150739320920045,"val_recall":0.3939636752136752,"_wandb":{"runtime":14},"val_f1":0.37986807300499975}