{"_runtime":3.046638069,"_step":99,"epoch":490,"val_loss":8.663615240713636,"_wandb":{"runtime":3},"val_rmse":2.943401984220578,"val_r2":0.8751100086453772,"_timestamp":1.7284017592497497e+09}