{"Test Rmse":8.960458853865356,"_wandb":{"runtime":8},"Test R2":-0.010197112326406632,"_timestamp":1.728629879459959e+09,"_runtime":8.767576971,"_step":0,"Test Mse":80.28982287181405}