{"epoch":490,"val_loss":9.43914126345902,"val_rmse":3.072318548500305,"val_r2":0.8639304449661414,"_timestamp":1.728406947284627e+09,"_wandb":{"runtime":3},"_runtime":3.6137403409999997,"_step":99}