{"Test Mse":17.510079233858082,"Test Rmse":4.184504658123597,"Test R2":0.7796902416027168,"_wandb":{"runtime":1},"_timestamp":1.7286296822376082e+09,"_runtime":1.607510316,"_step":0}