{"_runtime":4.085187557,"_step":99,"epoch":99,"loss":0.6177567581065827,"_timestamp":1.7285545342107785e+09,"_wandb":{"runtime":4}}