{"_step":99,"epoch":99,"val_loss":0.09734210403576544,"_wandb":{"runtime":1},"train_loss":0.1176516482100857,"train_accuracy":0,"_runtime":1.3313645969999999,"val_accuracy":0,"_timestamp":1.728394994495292e+09}