{"_wandb":{"runtime":1},"val_accuracy":0,"epoch":99,"train_loss":0.11735498796379347,"val_loss":0.09724452594377682,"train_accuracy":0,"_runtime":1.182214381,"_step":99,"_timestamp":1.728395861394146e+09}