{"val_loss":0.14922858012031656,"val_recall":0.35829933954933957,"_timestamp":1.7284951715431128e+09,"train_loss":0.15925115629930578,"_wandb":{"runtime":24},"_runtime":24.004201242,"_step":999,"val_f1":0.35824365045200174,"train_f1":0.29122871840675885,"train_accuracy":0.6170678336980306,"train_precision":0.3053953763155042,"val_accuracy":0.6419213973799127,"train_recall":0.28996256268983545,"epoch":999,"val_precision":0.3620076937167979}