{"val_recall":0.2,"train_recall":0.16666666666666666,"train_precision":0.07056892778993436,"epoch":99,"_wandb":{"runtime":5},"val_f1":0.11815384615384614,"val_loss":0.23767692942210294,"_step":99,"train_loss":0.24149634270156464,"val_precision":0.08384279475982533,"val_accuracy":0.4192139737991266,"_timestamp":1.7284967725465236e+09,"train_f1":0.0991544965411222,"train_accuracy":0.4234135667396061,"_runtime":5.354735993}