{"epoch":99,"loss":0.6462674322079411,"_timestamp":1.7285580905119262e+09,"_runtime":5.066489227,"_step":99,"_wandb":{"runtime":5}}