{"_runtime":6.324557275,"_step":0,"Test Mse":11.043055712549537,"_wandb":{"runtime":6},"Test Rmse":3.3231093440555846,"Test R2":0.8610575712704257,"_timestamp":1.7286302172197664e+09}