{"Test R2":0.8259465171457968,"_timestamp":1.7286307897671638e+09,"_runtime":12.811977043,"_step":0,"Test Mse":13.833659924451359,"Test Rmse":3.719362838504918,"_wandb":{"runtime":12}}