{"val_rmse":5.922311669948442,"val_r2":0.5587058798071692,"_wandb":{"runtime":3},"_timestamp":1.728628401169596e+09,"_runtime":3.854493184,"_step":0,"val_loss":35.07377551600751}