{"_step":0,"Test Mse":13.686002185469372,"Test Rmse":3.699459715346198,"_wandb":{"runtime":11},"Test R2":0.8278043294587022,"_timestamp":1.7286300608532293e+09,"_runtime":11.260864142}