{"_step":499,"_runtime":13.080487653,"_timestamp":1.7284948137387621e+09,"epoch":499,"val_recall":0.2,"train_f1":0.0991544965411222,"_wandb":{"runtime":13},"val_precision":0.08384279475982533,"val_loss":0.21922575878856204,"val_f1":0.11815384615384614,"train_accuracy":0.4234135667396061,"train_precision":0.07056892778993436,"train_recall":0.16666666666666666,"val_accuracy":0.4192139737991266,"train_loss":0.2248434573560888}