{"_timestamp":1.7286307504575498e+09,"_runtime":10.877766476,"_step":0,"_wandb":{"runtime":10},"Test Mse":28.93014187928799,"Test Rmse":5.378674732616576,"Test R2":0.6360043559653994}