{"_step":0,"Test Mse":17.392040037641735,"Test Rmse":4.170376486318919,"Test R2":0.7811753968925654,"_timestamp":1.7286309464042425e+09,"_runtime":12.759936289,"_wandb":{"runtime":12}}