{"val_recall":0.2,"train_accuracy":0.4234135667396061,"_timestamp":1.7284969219287994e+09,"_runtime":4.353593965,"epoch":99,"_step":99,"val_f1":0.11815384615384614,"train_f1":0.0991544965411222,"train_precision":0.07056892778993436,"val_loss":0.1872308234822732,"val_precision":0.08384279475982533,"train_recall":0.16666666666666666,"val_accuracy":0.4192139737991266,"train_loss":0.1991490478642451,"_wandb":{"runtime":4}}