{"_runtime":4.141398221,"_step":99,"_wandb":{"runtime":4},"epoch":99,"loss":0.6462739059506114,"_timestamp":1.728558137367751e+09}