{"val_r2":0.7716282584917993,"_timestamp":1.7286282394494505e+09,"_runtime":7.844076727,"_wandb":{"runtime":7},"_step":0,"val_loss":18.150840515070282,"val_rmse":4.2603803251670245}