{"_step":0,"_wandb":{"runtime":3},"val_loss":20.84543996875643,"val_rmse":4.565680668723606,"val_r2":0.7377251249485111,"_timestamp":1.7286283899567904e+09,"_runtime":3.339883612}