{"_timestamp":1.728631206358721e+09,"_runtime":9.133217895,"_step":0,"_wandb":{"runtime":9},"Test Mse":13.419764373484021,"Test Rmse":3.66329965652334,"Test R2":0.8311541023096038}