{"val_loss":0.21593663224763032,"_runtime":27.967487534,"train_loss":0.2219023811717964,"train_recall":0.16666666666666666,"train_precision":0.07056892778993436,"val_recall":0.2,"val_accuracy":0.4192139737991266,"val_f1":0.11815384615384614,"_step":999,"epoch":999,"_wandb":{"runtime":27},"train_accuracy":0.4234135667396061,"train_f1":0.0991544965411222,"val_precision":0.08384279475982533,"_timestamp":1.7284950969792304e+09}