{"_wandb":{"runtime":4},"_runtime":4.426200442,"_step":99,"epoch":490,"val_loss":7.92889280760274,"val_rmse":2.815828973429093,"val_r2":0.8857013698461903,"_timestamp":1.7283945608055356e+09}