{"val_rmse":2.7815887882698394,"val_r2":0.888464188025614,"_timestamp":1.7283936325774302e+09,"_runtime":3.418415027,"_step":99,"epoch":490,"_wandb":{"runtime":3},"val_loss":7.737236187028473}