{"val_rmse":3.2633904612915945,"_wandb":{"runtime":5},"val_r2":0.8464794355557708,"_timestamp":1.7284070027193856e+09,"_runtime":5.289910367,"_step":99,"epoch":490,"val_loss":10.649717302848964}