{"val_precision":0.08384279475982533,"val_f1":0.11815384615384614,"val_loss":0.18704500228179544,"_runtime":6.571192917,"_step":151,"train_recall":0.16666666666666666,"train_accuracy":0.4234135667396061,"val_accuracy":0.4192139737991266,"train_loss":0.1991411641776981,"train_f1":0.0991544965411222,"_wandb":{"runtime":6},"val_recall":0.2,"_timestamp":1.728494639633806e+09,"train_precision":0.07056892778993436,"epoch":151}