{"Test Rmse":3.648437641807328,"Test R2":0.8325213395821303,"_wandb":{"runtime":14},"_timestamp":1.7286301012363124e+09,"_runtime":14.17267938,"_step":0,"Test Mse":13.311097226156617}