{"epoch":99,"_runtime":1.209060162,"train_accuracy":0,"val_loss":0.6928662214958375,"_step":99,"_timestamp":1.728395817644745e+09,"val_accuracy":0,"_wandb":{"runtime":1},"train_loss":0.6924234246321979}