{"_wandb":{"runtime":13},"train_accuracy":0.4234135667396061,"val_accuracy":0.4192139737991266,"val_precision":0.08384279475982533,"_step":499,"train_f1":0.0991544965411222,"epoch":499,"val_recall":0.2,"train_loss":0.1999068981877941,"train_recall":0.16666666666666666,"_runtime":13.299241068,"val_loss":0.18895433929569755,"val_f1":0.11815384615384614,"train_precision":0.07056892778993436,"_timestamp":1.728494873888326e+09}