{"val_loss":0.14189833680609812,"val_f1":0.37594046745624154,"epoch":99,"train_recall":0.3030144235218231,"val_precision":0.3793361445623868,"train_loss":0.14798364934357336,"train_accuracy":0.6280087527352297,"val_accuracy":0.6550218340611353,"_step":99,"_wandb":{"runtime":10},"train_f1":0.3002259547220884,"train_precision":0.3014446922098137,"_timestamp":1.7284968409086602e+09,"val_recall":0.3757672882672883,"_runtime":10.003473062}