{"Test Rmse":3.9092778276838525,"Test R2":0.8077179713062876,"_timestamp":1.7286303404488986e+09,"_runtime":11.582630806,"_step":0,"_wandb":{"runtime":11},"Test Mse":15.28245313402058}