{"train_accuracy":0.4234135667396061,"val_recall":0.2,"val_loss":0.19090419155406727,"_timestamp":1.7284949189036384e+09,"_step":499,"val_precision":0.08384279475982533,"epoch":499,"val_f1":0.11815384615384614,"train_recall":0.16666666666666666,"train_f1":0.0991544965411222,"train_loss":0.20121335480481736,"train_precision":0.07056892778993436,"_runtime":9.902353708,"_wandb":{"runtime":9},"val_accuracy":0.4192139737991266}