{"Test Mse":10.901878543976085,"Test Rmse":3.301799288869038,"Test R2":0.8628338458083209,"_timestamp":1.7286305644055717e+09,"_runtime":8.499492357,"_wandb":{"runtime":8},"_step":0}