{"Test Mse":43.348317876290075,"Test Rmse":6.58394394540917,"Test R2":0.45459656060334774,"_wandb":{"runtime":3},"_timestamp":1.7286301372252307e+09,"_runtime":3.3599716219999998,"_step":0}