{"epoch":99,"train_accuracy":0,"_wandb":{"runtime":1},"_runtime":1.22270309,"val_loss":0.6932249229460817,"val_accuracy":0,"_step":99,"_timestamp":1.7283949904107728e+09,"train_loss":0.6931586666432217}