{"_timestamp":1.7283957868247836e+09,"epoch":99,"_step":99,"_runtime":1.306728693,"train_loss":0.11762575649395078,"_wandb":{"runtime":1},"val_loss":0.09732811855335209,"train_accuracy":0,"val_accuracy":0}