{"_timestamp":1.7286293281672919e+09,"_runtime":5.388129108,"_wandb":{"runtime":5},"_step":0,"Test Mse":12.529175717168078,"Test Rmse":3.539657570608784,"Test R2":0.8423593840838255}