{"train_f1":0.0991544965411222,"_wandb":{"runtime":3},"train_accuracy":0.4234135667396061,"val_precision":0.08384279475982533,"val_f1":0.11815384615384614,"train_loss":0.2955595521737529,"_timestamp":1.7284947449167144e+09,"val_recall":0.2,"train_recall":0.16666666666666666,"_runtime":3.160744446,"_step":99,"val_loss":0.2953656276689396,"epoch":99,"train_precision":0.07056892778993436,"val_accuracy":0.4192139737991266}