{"train_f1":0.0991544965411222,"train_precision":0.07056892778993436,"val_f1":0.11815384615384614,"val_recall":0.2,"_runtime":5.940382527,"train_accuracy":0.4234135667396061,"val_precision":0.08384279475982533,"val_loss":0.18873782602229136,"train_recall":0.16666666666666666,"train_loss":0.19978478758752166,"val_accuracy":0.4192139737991266,"_timestamp":1.7284969126730351e+09,"_wandb":{"runtime":5},"epoch":99,"_step":99}