{"val_r2":0.10782557288939287,"_timestamp":1.7286284202006173e+09,"_runtime":1.12455343,"_step":0,"_wandb":{"runtime":1},"val_loss":70.9094550453709,"val_rmse":8.42077520453853}