{"train_accuracy":0.6159737417943107,"_runtime":15.98412631,"val_precision":0.3774669856838821,"_wandb":{"runtime":16},"val_recall":0.37368395493395495,"train_loss":0.15828795292771672,"val_loss":0.14814050855635696,"_step":499,"val_f1":0.3739700241064878,"train_precision":0.30322174558753767,"_timestamp":1.7284968642069852e+09,"train_recall":0.29041184326596586,"epoch":499,"train_f1":0.29116717565600736,"val_accuracy":0.6506550218340611}