{"val_r2":0.8814269955104429,"_timestamp":1.7284017326590383e+09,"_runtime":3.779678382,"_step":99,"epoch":490,"val_loss":8.225406036869813,"_wandb":{"runtime":3},"val_rmse":2.867996868350768}