{"epoch":490,"_wandb":{"runtime":3},"val_loss":8.436550165992292,"val_rmse":2.904574007663136,"val_r2":0.8783832559481451,"_timestamp":1.7283949867508383e+09,"_runtime":3.399048354,"_step":99}