{"_wandb":{"runtime":3},"epoch":99,"loss":0.6462736072339456,"_timestamp":1.7285581544302235e+09,"_runtime":3.903233132,"_step":99}