{"_wandb":{"runtime":4},"epoch":490,"val_loss":6.681003492157031,"val_rmse":2.5847637207599905,"val_r2":0.9036902672622652,"_timestamp":1.7284071038884265e+09,"_runtime":4.262522796,"_step":99}