{"Test R2":0.8416525997468526,"_timestamp":1.728630000015001e+09,"_runtime":4.233566595,"_wandb":{"runtime":4},"_step":0,"Test Mse":12.58535048596487,"Test Rmse":3.5475837531994747}