{"val_loss":0.18965866955820432,"train_recall":0.16666666666666666,"train_precision":0.07056892778993436,"train_loss":0.20033168467902632,"_timestamp":1.7284970074795234e+09,"_runtime":5.585758104,"_step":99,"val_f1":0.11815384615384614,"val_accuracy":0.4192139737991266,"train_f1":0.0991544965411222,"val_precision":0.08384279475982533,"val_recall":0.2,"epoch":99,"_wandb":{"runtime":5},"train_accuracy":0.4234135667396061}