{"val_loss":0.33082577966876875,"train_accuracy":0.9617067833698031,"val_f1":0.38482278030100636,"train_recall":0.9001748779761464,"train_loss":0.023234197294926144,"epoch":476,"train_precision":0.9828962427348157,"_timestamp":1.7284964703915408e+09,"val_precision":0.3758338819398727,"_runtime":29.666584872,"val_recall":0.3956682206682206,"_step":476,"_wandb":{"runtime":29},"val_accuracy":0.6375545851528385,"train_f1":0.9351695243434537}