{"val_precision":0.08384279475982533,"_wandb":{"runtime":27},"_step":499,"train_f1":0.0991544965411222,"val_f1":0.11815384615384614,"train_accuracy":0.4234135667396061,"val_loss":0.18704914072773904,"_runtime":27.475992378,"_timestamp":1.7284966250338109e+09,"train_precision":0.07056892778993436,"val_recall":0.2,"train_recall":0.16666666666666666,"val_accuracy":0.4192139737991266,"epoch":499,"train_loss":0.1991421872619459}