{"Test R2":0.8175108313051465,"_timestamp":1.7286307631532145e+09,"_runtime":7.478352863,"_step":0,"_wandb":{"runtime":7},"Test Mse":14.504122860529563,"Test Rmse":3.8084278725649465}