{"_step":0,"val_loss":13.673286822970379,"val_rmse":3.6977407728193143,"val_r2":0.8279643126548188,"_wandb":{"runtime":2},"_timestamp":1.7286283355550802e+09,"_runtime":2.393173195}