{"val_loss":0.27050268999698796,"train_precision":0.07056892778993436,"val_accuracy":0.4192139737991266,"_step":99,"val_recall":0.2,"_timestamp":1.728494929239395e+09,"train_f1":0.0991544965411222,"_runtime":4.262589842,"train_recall":0.16666666666666666,"epoch":99,"train_accuracy":0.4234135667396061,"val_precision":0.08384279475982533,"train_loss":0.27227518944325385,"val_f1":0.11815384615384614,"_wandb":{"runtime":4}}