{"_wandb":{"runtime":1},"_step":0,"Test Mse":82.50618036965687,"Test Rmse":9.08329127407334,"Test R2":-0.038083061804441654,"_timestamp":1.7286296242389867e+09,"_runtime":1.923946903}