{"_runtime":5.020879248,"_step":0,"Test Mse":12.632228433410221,"_wandb":{"runtime":5},"Test Rmse":3.5541846369329524,"Test R2":0.8410627869231689,"_timestamp":1.7286309821783063e+09}