{"_step":99,"epoch":490,"val_loss":5.862912265724714,"val_rmse":2.421345135606387,"_wandb":{"runtime":2},"val_r2":0.9154834278952861,"_timestamp":1.7283942266470387e+09,"_runtime":2.820534595}