{"_step":0,"_wandb":{"runtime":4},"val_loss":60.09278436036362,"val_rmse":7.751953583475821,"val_r2":0.24391965181674824,"_timestamp":1.7286282791912954e+09,"_runtime":4.953696837}