{"_wandb":{"runtime":13},"Test Mse":25.877990256055018,"Test Rmse":5.087041404987286,"Test R2":0.6744061688713123,"_timestamp":1.7286310878239784e+09,"_runtime":13.719832269,"_step":0}