{"_wandb":{"runtime":1},"val_loss":44.23527827357009,"val_rmse":6.650960703054115,"val_r2":0.4434369291577701,"_timestamp":1.728628370784034e+09,"_runtime":1.130620737,"_step":0}