{"epoch":999,"val_recall":0.2,"val_loss":0.2704052179697324,"_timestamp":1.7284950612335143e+09,"train_precision":0.07056892778993436,"_runtime":41.778622975,"train_recall":0.16666666666666666,"val_accuracy":0.4192139737991266,"train_f1":0.0991544965411222,"train_loss":0.2719798125415733,"_step":999,"val_f1":0.11815384615384614,"_wandb":{"runtime":41},"val_precision":0.08384279475982533,"train_accuracy":0.4234135667396061}