{"_timestamp":1.7283916657484756e+09,"_runtime":2.16585852,"_step":99,"epoch":490,"_wandb":{"runtime":2},"val_loss":5.7684784658095785,"val_rmse":2.4017656975253807,"val_r2":0.9168447344777347}