{"Test Rmse":8.629697761707223e+53,"Test R2":-9.369939662201793e+105,"_timestamp":1.7286299588837023e+09,"_runtime":1.588897095,"_step":0,"_wandb":{"runtime":1},"Test Mse":7.447168345841467e+107}