{"Test Mse":12.792668348710267,"Test Rmse":3.5766839878175243,"_wandb":{"runtime":12},"Test R2":0.8390441507705303,"_timestamp":1.7286307310804424e+09,"_runtime":12.970273686,"_step":0}